DATE,SERIES,OPEN,HIGH,LOW,PREV. CLOSE,LTP,CLOSE,VWAP,52W H,52W L,VOLUME,VALUE,NO. OF  TRADES
16-Mar-26,EQ,861.35,873.8,853,861.35,867,866.95,863.61,"1,177.55",765,2609169,"2,25,32,99,629.20",48047
13-Mar-26,EQ,865.25,878.75,844,866.55,863,861.35,855.8,"1,177.55",765,6756426,"5,78,21,59,954.35",61609
12-Mar-26,EQ,849.6,881.95,837.4,849.65,866.65,866.55,862.94,"1,177.55",765,6591414,"5,68,79,96,086.60",90427
11-Mar-26,EQ,866.6,877.9,846.9,856.9,852,849.65,863.96,"1,177.55",765,3005645,"2,59,67,66,220.45",51884
10-Mar-26,EQ,875,878.95,843.25,854.15,858.5,856.9,855.5,"1,177.55",765,3240047,"2,77,18,59,499.10",48641
09-Mar-26,EQ,841,858,825,858.4,855.5,854.15,841.54,"1,177.55",765,1922632,"1,61,79,62,409.55",37608
06-Mar-26,EQ,879.6,894.55,855.15,884.55,863,858.4,870.7,"1,177.55",758,5784124,"5,03,62,60,958.05",87497
05-Mar-26,EQ,886.25,889.75,864.6,871.95,883.6,884.55,873.2,"1,177.55",758,4655262,"4,06,49,91,612.20",79707
04-Mar-26,EQ,880,882.8,867,903.55,870,871.95,873.87,"1,177.55",758,1976974,"1,72,76,21,436.85",47372
02-Mar-26,EQ,915,926.95,880.25,947.35,906.85,903.55,902.11,"1,177.55",758,3482707,"3,14,17,95,675.00",70675
27-Feb-26,EQ,960.35,969.5,942,965.95,944,947.35,956.35,"1,177.55",758,1156653,"1,10,61,66,087.30",23727
26-Feb-26,EQ,964.15,973.5,956.55,964.15,962.6,965.95,965.57,"1,177.55",758,911136,"87,97,65,827.10",19190
25-Feb-26,EQ,984.95,988.6,960,981.35,963,964.15,970.04,"1,177.55",758,1345367,"1,30,50,65,084.05",26908
24-Feb-26,EQ,970.15,988,956.45,970.35,984,981.35,969.81,"1,177.55",758,1290484,"1,25,15,23,006.15",25195
23-Feb-26,EQ,978.25,987.55,962,968.25,970.3,970.35,974.25,"1,177.55",758,1188654,"1,15,80,41,972.55",26487
20-Feb-26,EQ,976.4,980.75,965,976.5,967.2,968.25,972.97,"1,177.55",758,1221495,"1,18,84,82,488.40",25844
19-Feb-26,EQ,"1,000.10","1,005.00",970,"1,000.10",971.05,976.5,987.82,"1,177.55",758,1500530,"1,48,22,48,989.70",31644
18-Feb-26,EQ,"1,019.00","1,019.95",987.4,"1,016.80",998.55,"1,000.10",999.73,"1,177.55",758,1964869,"1,96,43,38,719.25",40944
17-Feb-26,EQ,982.65,"1,018.95",979.25,991.25,"1,014.25","1,016.80","1,001.51","1,177.55",758,3770349,"3,77,60,47,280.50",67504
16-Feb-26,EQ,949.5,999,936.45,950.5,991.8,991.25,982.06,"1,177.55",758,4171950,"4,09,71,20,994.70",84832
13-Feb-26,EQ,988.9,989.9,943.75,997.65,949.55,950.5,956.9,"1,177.55",758,2943844,"2,81,69,60,451.55",62445
12-Feb-26,EQ,992.45,999.6,980.05,994.75,996.5,997.65,990.71,"1,177.55",758,1250477,"1,23,88,55,520.45",24363
11-Feb-26,EQ,977,998.15,975.05,978.3,992.4,994.75,988.97,"1,177.55",758,1489878,"1,47,34,47,581.65",28263
10-Feb-26,EQ,985.8,987.8,953.05,982.65,976,978.3,976.11,"1,177.55",758,2057124,"2,00,79,76,131.10",35705
09-Feb-26,EQ,985,996.25,976.45,971.85,982,982.65,982.29,"1,177.55",758,1645440,"1,61,62,94,145.00",31363
06-Feb-26,EQ,966,974.95,954.25,967.15,968,971.85,963.97,"1,177.55",758,1608144,"1,55,02,00,375.15",32595
05-Feb-26,EQ,954,972,951.45,954.45,966,967.15,963.71,"1,177.55",758,3102511,"2,98,99,06,184.65",60973
04-Feb-26,EQ,935,970.9,920.35,932.1,953.45,954.45,950.45,"1,177.55",758,4230654,"4,02,10,22,917.15",89908
03-Feb-26,EQ,924,951.55,900,843.95,932,932.1,929.42,"1,177.55",758,10826968,"10,06,28,36,917.90",194957
02-Feb-26,EQ,814.2,847.9,807,806.8,845,843.95,833.21,"1,177.55",758,3922655,"3,26,83,91,388.15",80487
01-Feb-26,EQ,854.5,861.45,796.65,852.3,807.5,806.8,830.93,"1,177.55",758,3622961,"3,01,04,31,448.50",78941
30-Jan-26,EQ,854.9,864.8,842.7,858.8,851.3,852.3,855.51,"1,177.55",758,2887230,"2,47,00,41,312.90",39979
29-Jan-26,EQ,824.4,864.8,816.5,822.9,854.5,858.8,847.32,"1,177.55",758,7356835,"6,23,35,91,667.30",98226
28-Jan-26,EQ,809,825.7,795,799.1,821.2,822.9,809.47,"1,177.55",758,4377377,"3,54,33,48,877.10",64017
27-Jan-26,EQ,789,819.2,768.1,772.8,798,799.1,797.39,"1,177.55",758,13752483,"10,96,60,63,588.90",223255
23-Jan-26,EQ,909,909,765,904.3,779.4,772.8,803.93,"1,177.55",758,22973223,"18,46,88,14,749.50",307283
22-Jan-26,EQ,894,916.4,889.1,878.7,909,904.3,905.27,"1,177.55",758,1851769,"1,67,63,50,011.60",37698
21-Jan-26,EQ,885.5,892.6,868,883.2,885,878.7,880.47,"1,177.55",758,2259912,"1,98,97,94,466.00",46599
20-Jan-26,EQ,914.1,927,878,914,885.5,883.2,898.83,"1,177.55",758,2195862,"1,97,37,10,470.00",54857
19-Jan-26,EQ,928,936,911.5,930.1,912.5,914,920.15,"1,177.55",758,1203147,"1,10,70,81,364.30",32616
16-Jan-26,EQ,935.3,946.8,926.3,935.3,930,930.1,935.29,"1,177.55",758,1088002,"1,01,76,00,599.80",25458
14-Jan-26,EQ,935.5,945,932.1,936.7,935,935.3,938.32,"1,177.55",758,774904,"72,71,05,279.30",19091
13-Jan-26,EQ,952.4,952.4,927.4,942.2,935.5,936.7,938.24,"1,177.55",758,2066428,"1,93,88,06,319.30",32013
12-Jan-26,EQ,947.8,949.1,921.2,946.1,944,942.2,935.67,"1,177.55",758,2143293,"2,00,54,05,037.20",43718
09-Jan-26,EQ,988,991,942.2,988.8,944.9,946.1,963.07,"1,177.55",758,2326860,"2,24,09,23,260.70",54558
08-Jan-26,EQ,"1,024.10","1,024.10",982.9,"1,019.20",983.8,988.8,998.8,"1,177.55",758,1993966,"1,99,15,71,498.20",46129
07-Jan-26,EQ,"1,019.00","1,023.70","1,011.40","1,019.40","1,018.90","1,019.20","1,017.93","1,177.55",758,742308,"75,56,15,402.00",17635
06-Jan-26,EQ,"1,031.00","1,034.80","1,012.80","1,030.50","1,018.40","1,019.40","1,023.99","1,177.55",758,891487,"91,28,75,002.80",20406
05-Jan-26,EQ,"1,039.00","1,044.70","1,027.70","1,038.80","1,028.80","1,030.50","1,034.33","1,177.55",758,1020610,"1,05,56,46,015.90",23107
02-Jan-26,EQ,"1,029.00","1,043.50","1,026.40","1,025.90","1,038.40","1,038.80","1,035.03","1,177.55",758,1544713,"1,59,88,30,903.00",28884
01-Jan-26,EQ,"1,019.70","1,045.00","1,015.50","1,015.10","1,025.90","1,025.90","1,030.88","1,177.55",758,2304811,"2,37,59,86,241.90",46605
31-Dec-25,EQ,"1,013.00","1,018.80","1,009.20","1,007.10","1,015.00","1,015.10","1,015.09","1,177.55",758,637693,"64,73,18,199.70",16293
30-Dec-25,EQ,"1,002.00","1,011.60",998.3,"1,001.90","1,010.00","1,007.10","1,003.22","1,177.55",758,2090689,"2,09,74,21,892.00",28865
29-Dec-25,EQ,"1,018.10","1,019.80","1,000.00","1,018.10","1,002.00","1,001.90","1,007.09","1,177.55",758,830063,"83,59,44,152.00",26653
26-Dec-25,EQ,"1,015.00","1,027.00","1,011.50","1,015.00","1,016.00","1,018.10","1,020.97","1,177.55",758,834022,"85,15,10,505.50",20807
24-Dec-25,EQ,"1,018.00","1,024.30","1,012.20","1,016.90","1,012.60","1,015.00","1,018.86","1,177.55",758,835848,"85,16,11,920.30",19106
23-Dec-25,EQ,"1,021.80","1,027.00","1,013.30","1,020.80","1,017.00","1,016.90","1,020.28","1,177.55",758,829273,"84,60,88,481.10",18011
22-Dec-25,EQ,"1,022.00","1,028.80","1,018.30","1,020.90","1,020.10","1,020.80","1,022.29","1,177.55",758,954953,"97,62,40,555.30",22718
19-Dec-25,EQ,"1,012.50","1,024.70","1,007.20","1,011.00","1,018.70","1,020.90","1,018.76","1,210.50",758,2498071,"2,54,49,43,039.60",35574
18-Dec-25,EQ,"1,016.60","1,022.00","1,005.00","1,020.70","1,010.80","1,011.00","1,012.93","1,210.50",758,1150470,"1,16,53,46,577.70",25735
17-Dec-25,EQ,"1,028.00","1,033.60","1,017.00","1,028.20","1,018.00","1,020.70","1,023.58","1,210.50",758,1263636,"1,29,34,37,602.40",27231
16-Dec-25,EQ,"1,044.00","1,044.00","1,022.20","1,047.60","1,023.90","1,028.20","1,030.74","1,210.50",758,1086779,"1,12,01,89,516.10",25248
15-Dec-25,EQ,"1,044.70","1,058.70","1,038.90","1,040.20","1,043.90","1,047.60","1,049.26","1,210.50",758,2027683,"2,12,75,64,886.30",38412
12-Dec-25,EQ,"1,024.00","1,042.00","1,024.00","1,018.80","1,038.20","1,040.20","1,036.86","1,252.30",758,2615096,"2,71,14,76,815.90",38101
11-Dec-25,EQ,995,"1,026.40",975,989.8,"1,024.00","1,018.80",999.34,"1,252.30",758,5927384,"5,92,34,68,451.30",59758
10-Dec-25,EQ,"1,014.90","1,027.80",981,998.9,987.5,989.8,"1,006.69","1,252.30",758,3913329,"3,93,94,99,544.50",118798
09-Dec-25,EQ,993.9,"1,010.50",980.6,993.8,"1,010.50",998.9,997.26,"1,252.30",758,2593247,"2,58,61,35,346.70",62276
08-Dec-25,EQ,"1,016.10","1,021.00",990,"1,017.70",994,993.8,"1,000.81","1,252.30",758,1311474,"1,31,25,39,566.00",44065
05-Dec-25,EQ,"1,013.10","1,022.50","1,005.10","1,013.40","1,018.10","1,017.70","1,013.04","1,447.70",758,1190798,"1,20,63,27,945.00",59608
04-Dec-25,EQ,"1,013.80","1,027.10","1,006.80","1,012.60","1,012.10","1,013.40","1,015.90","1,447.70",758,1349599,"1,37,10,59,135.50",41314
03-Dec-25,EQ,"1,024.00","1,027.30","1,004.20","1,022.60","1,018.00","1,012.60","1,014.67","1,447.70",758,1508973,"1,53,11,05,321.80",76711
02-Dec-25,EQ,"1,038.60","1,040.70","1,017.70","1,039.60","1,024.20","1,022.60","1,026.64","1,447.70",758,1544253,"1,58,53,87,661.90",106457
01-Dec-25,EQ,"1,041.10","1,052.00","1,028.10","1,048.20","1,042.30","1,039.60","1,040.77","1,447.70",758,2276452,"2,36,92,73,890.40",118769
28-Nov-25,EQ,"1,031.20","1,052.50","1,024.60","1,031.10","1,047.60","1,048.20","1,042.76","1,447.70",758,1626863,"1,69,64,32,650.90",32441
27-Nov-25,EQ,"1,040.10","1,042.00","1,018.20","1,034.40","1,033.00","1,031.10","1,028.15","1,447.70",758,1543218,"1,58,66,63,270.00",29963
26-Nov-25,EQ,"1,016.00","1,036.40","1,012.50","1,011.60","1,034.00","1,034.40","1,028.80","1,447.70",758,1318167,"1,35,61,25,031.70",27317
25-Nov-25,EQ,"1,010.50","1,022.90","1,000.60","1,009.40","1,012.00","1,011.60","1,010.05","1,447.70",758,1677553,"1,69,44,07,700.20",35425
24-Nov-25,EQ,"1,036.90","1,037.50","1,006.00","1,030.50","1,011.40","1,009.40","1,017.38","1,447.70",758,1618990,"1,64,71,33,250.10",40676
21-Nov-25,EQ,"1,060.00","1,063.10","1,026.00","1,060.00","1,031.00","1,030.50","1,042.70","1,517.75",758,2075493,"2,16,41,25,132.70",45347
20-Nov-25,EQ,"1,074.00","1,085.50","1,057.00","1,069.90","1,065.00","1,060.00","1,071.06","1,517.75",758,1354779,"1,45,10,50,473.20",31385
19-Nov-25,EQ,"1,080.20","1,084.50","1,052.20","1,077.60","1,069.90","1,069.90","1,067.06","1,517.75",758,2155114,"2,29,96,33,634.00",42692
18-Nov-25,EQ,"1,092.00","1,097.20","1,075.00","1,088.60","1,077.20","1,077.60","1,084.64","1,517.75",758,1414894,"1,53,46,48,996.00",28220
17-Nov-25,EQ,"1,074.80","1,092.50","1,065.40","1,068.80","1,088.00","1,088.60","1,081.54","1,517.75",758,2888868,"3,12,44,27,729.30",44977
14-Nov-25,EQ,"1,082.90","1,104.90","1,060.00","1,076.80","1,067.10","1,068.80","1,081.79","1,599.55",758,3567619,"3,85,94,02,226.10",64150
13-Nov-25,EQ,"1,080.00","1,088.00","1,063.30","1,070.80","1,076.50","1,076.80","1,079.25","1,599.55",758,1991752,"2,14,96,03,007.90",41315
12-Nov-25,EQ,"1,050.20","1,094.90","1,050.20","1,044.20","1,071.60","1,070.80","1,076.28","1,599.55",758,4147036,"4,46,33,89,707.20",76068
11-Nov-25,EQ,"1,049.00","1,051.00","1,031.40","1,041.30","1,047.00","1,044.20","1,041.66","1,599.55",758,1629631,"1,69,75,13,815.50",35807
10-Nov-25,EQ,"1,066.90","1,088.00","1,035.20","1,059.80","1,037.60","1,041.30","1,063.43","1,599.55",758,2240298,"2,38,23,89,842.50",46860
07-Nov-25,EQ,"1,060.50","1,075.10","1,040.00","1,060.50","1,059.00","1,059.80","1,056.23","1,733.95",758,3615119,"3,81,83,88,057.80",59501
06-Nov-25,EQ,"1,087.10","1,097.90","1,047.00","1,086.40","1,062.00","1,060.50","1,065.81","1,733.95",758,2533556,"2,70,02,96,605.10",59186
04-Nov-25,EQ,"1,109.90","1,112.90","1,080.10","1,105.20","1,083.00","1,086.40","1,094.94","1,733.95",758,3029132,"3,31,67,15,102.60",60994
03-Nov-25,EQ,"1,140.00","1,166.40","1,097.20","1,140.00","1,108.00","1,105.20","1,134.77","1,733.95",758,5611025,"6,36,72,29,770.30",97007
31-Oct-25,EQ,"1,145.00","1,159.50","1,125.10","1,140.10","1,135.90","1,140.00","1,144.39","1,733.95",758,5725034,"6,55,16,87,450.40",124394
30-Oct-25,EQ,"1,112.60","1,151.80","1,088.70","1,112.60","1,145.50","1,140.10","1,122.34","1,733.95",758,11727335,"13,16,20,36,511.20",175391
29-Oct-25,EQ,"1,028.00","1,145.00","1,012.10","1,004.20","1,115.30","1,112.60","1,097.62","1,733.95",758,36232727,"39,76,98,43,989.80",460491
28-Oct-25,EQ,"1,020.50","1,024.00",998.6,"1,017.10","1,005.00","1,004.20","1,009.32","1,733.95",758,1992608,"2,01,11,80,430.20",43387
27-Oct-25,EQ,"1,025.00","1,027.60","1,015.00","1,031.10","1,017.00","1,017.10","1,020.75","1,733.95",758,1762358,"1,79,89,30,906.80",43948
24-Oct-25,EQ,"1,049.40","1,049.40","1,028.00","1,044.70","1,031.80","1,031.10","1,034.13","1,753.00",758,1202737,"1,24,37,84,509.90",27286
23-Oct-25,EQ,"1,049.30","1,061.90","1,040.90","1,040.00","1,045.70","1,044.70","1,052.13","1,753.00",758,1888505,"1,98,69,58,515.20",34363
21-Oct-25,EQ,"1,044.00","1,045.40","1,036.30","1,034.10","1,036.30","1,040.00","1,041.10","1,753.00",758,457938,"47,67,61,383.10",14155
20-Oct-25,EQ,"1,043.00","1,045.50","1,028.10","1,036.70","1,035.60","1,034.10","1,033.92","1,753.00",758,1212007,"1,25,31,16,794.80",30769
17-Oct-25,EQ,"1,057.90","1,061.90","1,035.00","1,060.30","1,038.90","1,036.70","1,046.03","1,804.35",758,2132960,"2,23,11,47,634.30",43875
16-Oct-25,EQ,"1,055.00","1,067.00","1,052.50","1,043.80","1,059.00","1,060.30","1,060.43","1,804.35",758,1742078,"1,84,73,51,912.20",35450
15-Oct-25,EQ,"1,039.00","1,052.50","1,034.10","1,036.20","1,049.70","1,043.80","1,042.40","1,804.35",758,1161123,"1,21,03,55,829.30",25044
14-Oct-25,EQ,"1,052.00","1,054.70","1,024.10","1,051.30","1,034.00","1,036.20","1,036.76","1,804.35",758,1757848,"1,82,24,59,386.90",34571
13-Oct-25,EQ,"1,054.30","1,062.40","1,043.20","1,064.30","1,050.70","1,051.30","1,051.04","1,804.35",758,1572244,"1,65,24,86,305.40",35250
10-Oct-25,EQ,"1,048.10","1,072.20","1,048.10","1,051.50","1,064.20","1,064.30","1,061.66","1,833.95",758,1335270,"1,41,76,03,783.20",29191
09-Oct-25,EQ,"1,045.50","1,055.80","1,042.70","1,045.10","1,052.00","1,051.50","1,049.64","1,833.95",758,1148919,"1,20,59,50,392.10",27209
08-Oct-25,EQ,"1,063.00","1,064.30","1,032.30","1,060.70","1,045.50","1,045.10","1,046.81","1,833.95",758,2026547,"2,12,14,06,599.50",41019
07-Oct-25,EQ,"1,062.00","1,089.40","1,057.30","1,059.40","1,058.30","1,060.70","1,073.19","1,833.95",758,3579020,"3,84,09,84,782.60",67728
06-Oct-25,EQ,"1,070.30","1,076.10","1,056.00","1,070.30","1,059.20","1,059.40","1,061.81","1,833.95",758,1248757,"1,32,59,41,204.10",31131
03-Oct-25,EQ,"1,068.60","1,078.80","1,054.30","1,064.70","1,072.50","1,070.30","1,068.55","1,988.45",758,2348127,"2,50,91,00,561.60",49662
01-Oct-25,EQ,"1,031.80","1,070.00","1,026.50","1,026.85","1,066.20","1,064.70","1,047.91","1,988.45",758,4597346,"4,81,76,25,145.50",85799
30-Sep-25,EQ,"1,037.00","1,043.00","1,010.50","1,035.35","1,032.00","1,026.85","1,025.79","1,988.45",758,3520751,"3,61,15,50,614.60",65799
29-Sep-25,EQ,"1,053.90","1,062.95","1,027.30","1,047.40","1,036.90","1,035.35","1,042.67","1,988.45",758,3108705,"3,24,13,40,203.60",61443
26-Sep-25,EQ,"1,082.85","1,086.80","1,040.40","1,079.55","1,051.00","1,047.40","1,062.46","2,091.00",758,3774879,"4,01,06,53,847.60",78696
25-Sep-25,EQ,"1,096.05","1,115.00","1,076.30","1,095.25","1,081.60","1,079.55","1,095.29","2,091.00",758,5390958,"5,90,46,55,745.60",97875
24-Sep-25,EQ,"1,126.00","1,141.70","1,090.45","1,131.45","1,097.20","1,095.25","1,109.52","2,091.00",758,7615653,"8,44,96,84,409.20",141577
23-Sep-25,EQ,"1,164.00","1,177.30","1,120.80","1,152.15","1,131.00","1,131.45","1,145.88","2,091.00",758,14163567,"16,22,97,54,147.55",260677
22-Sep-25,EQ,"1,040.00","1,177.55","1,035.85","1,030.70","1,153.00","1,152.15","1,125.27","2,091.00",758,37416287,"42,10,33,23,465.10",607561
19-Sep-25,EQ,"1,025.00","1,071.00","1,003.00",978.9,"1,032.50","1,030.70","1,034.21","2,091.00",758,17650332,"18,25,42,14,754.25",281147
18-Sep-25,EQ,982,993.9,974.3,979.45,980.6,978.9,982.78,"2,091.00",758,992415,"97,53,25,185.95",24337
17-Sep-25,EQ,992,993.45,977.3,987.85,980,979.45,984.43,"2,091.00",758,846865,"83,36,83,437.75",24312
16-Sep-25,EQ,991.45,998.35,984.05,986.7,988.25,987.85,990.92,"2,091.00",758,897176,"88,90,32,238.40",24349
15-Sep-25,EQ,984,993.8,983.45,981.7,987.2,986.7,988.15,"2,091.00",758,924070,"91,31,19,193.20",23076
12-Sep-25,EQ,981,986.55,975.45,976.35,982,981.7,981.5,"2,091.00",758,1086098,"1,06,60,02,394.90",32746
11-Sep-25,EQ,965,"1,004.80",961.2,963.35,976.8,976.35,985.29,"2,091.00",758,3601127,"3,54,81,51,543.30",90836
10-Sep-25,EQ,946.5,973,945.8,943.7,965.5,963.35,964.49,"2,091.00",758,1995294,"1,92,44,40,682.50",51051
09-Sep-25,EQ,941.9,947.5,935.8,937.2,946.5,943.7,941.62,"2,091.00",758,868754,"81,80,39,321.40",25861
08-Sep-25,EQ,934.9,945,931.85,929.35,937.9,937.2,938.18,"2,091.00",758,1662382,"1,55,96,08,955.15",45499
05-Sep-25,EQ,932.05,935,916.25,929.15,930,929.35,926.46,"2,091.00",758,847676,"78,53,40,427.05",27288
04-Sep-25,EQ,944.4,954.15,926.5,935.7,933,929.15,939.29,"2,091.00",758,865803,"81,32,43,496.55",26843
03-Sep-25,EQ,933.85,939.55,931.15,933.85,937,935.7,935.32,"2,091.00",758,626485,"58,59,66,827.00",21783
02-Sep-25,EQ,934.8,943.45,929,931.55,932.95,933.85,936.44,"2,091.00",758,967218,"90,57,44,447.95",29826
01-Sep-25,EQ,920.4,933.7,918.05,913.5,931,931.55,925.76,"2,091.00",758,839458,"77,71,32,688.90",28731
29-Aug-25,EQ,920.15,926.8,908.5,921.15,915.8,913.5,916.35,"2,091.00",758,1477870,"1,35,42,45,993.95",45643
28-Aug-25,EQ,931,935,917.1,931.25,924.4,921.15,925,"2,091.00",758,1308868,"1,21,07,03,569.35",40925
26-Aug-25,EQ,964.15,965.75,926,964.1,931,931.25,939.51,"2,091.00",758,1462770,"1,37,42,86,241.20",48824
25-Aug-25,EQ,958.35,972.7,958.35,957.2,964.15,964.1,965.74,"2,091.00",758,943859,"91,15,23,624.30",26580
22-Aug-25,EQ,965,970.2,952.9,966.6,961.5,957.2,960.77,"2,091.00",758,946994,"90,98,42,581.85",31432
21-Aug-25,EQ,976,983.95,964.15,975.95,966,966.6,976,"2,091.00",758,820006,"80,03,25,743.80",25395
20-Aug-25,EQ,969,984,967.95,973.4,977.2,975.95,977.03,"2,091.00",758,1584174,"1,54,77,90,300.95",45740
19-Aug-25,EQ,942.05,975.5,937.45,941.65,971.75,973.4,958.8,"2,091.00",758,1886130,"1,80,84,27,897.05",49292
18-Aug-25,EQ,929,955.55,925.75,917.5,941.25,941.65,942.28,"2,091.00",758,1856211,"1,74,90,76,371.00",45080
14-Aug-25,EQ,925,933,914.05,924.15,917.95,917.5,919.85,"2,091.00",758,1031515,"94,88,42,737.80",30738
13-Aug-25,EQ,932.1,938.45,919.5,930.9,923.1,924.15,927.75,"2,091.00",758,1023795,"94,98,30,560.35",33246
12-Aug-25,EQ,929.1,941,927.5,929.1,930.9,930.9,933.87,"2,091.00",758,1096445,"1,02,39,38,542.60",30626
11-Aug-25,EQ,914.05,933.15,908,914.05,930,929.1,922.49,"2,091.00",758,1612977,"1,48,79,50,203.80",45566
08-Aug-25,EQ,939.85,946.65,909.05,936.7,911,914.05,923.98,"2,091.00",758,2051171,"1,89,52,35,781.70",53339
07-Aug-25,EQ,951.95,955.15,903.5,957.55,939.05,936.7,927.5,"2,091.00",758,3658631,"3,39,33,79,377.50",91710
06-Aug-25,EQ,975.9,977.5,955,971.75,958,957.55,964.35,"2,091.00",758,1204140,"1,16,12,14,605.95",37360
05-Aug-25,EQ,993,996.4,965.2,989.8,973,971.75,977.72,"2,091.00",758,1365079,"1,33,46,65,687.50",38003
04-Aug-25,EQ,980,997,971.65,972.6,993,989.8,983.29,"2,091.00",758,1280378,"1,25,89,84,451.95",32733
01-Aug-25,EQ,988.8,"1,007.65",968,984.7,976.55,972.6,989.07,"2,091.00",758,1800185,"1,78,05,06,938.00",47151
31-Jul-25,EQ,985.5,"1,007.50",980.1,"1,009.70",986.9,984.7,996.04,"2,091.00",758,2062250,"2,05,40,87,193.90",49696
30-Jul-25,EQ,"1,020.00","1,024.50","1,007.00","1,015.60","1,009.00","1,009.70","1,016.38","2,091.00",758,1365437,"1,38,78,00,125.90",31812
29-Jul-25,EQ,"1,007.00","1,022.90",993.5,"1,003.90","1,016.40","1,015.60","1,010.63","2,091.00",758,3489498,"3,52,65,86,780.00",71387
28-Jul-25,EQ,979.7,"1,013.60",979,975.9,"1,009.00","1,003.90",999.81,"2,091.00",758,4051716,"4,05,09,61,067.20",89504
25-Jul-25,EQ,"1,021.80","1,021.80",973,"1,020.70",978,975.9,991.33,"2,091.00",758,2521495,"2,49,96,45,725.50",62692
24-Jul-25,EQ,"1,035.00","1,037.10","1,017.70","1,033.90","1,020.00","1,020.70","1,024.87","2,091.00",758,1295384,"1,32,75,96,480.30",31838
23-Jul-25,EQ,"1,018.40","1,038.30","1,017.00","1,013.70","1,034.00","1,033.90","1,032.52","2,091.00",758,1733780,"1,79,01,59,626.00",38801
22-Jul-25,EQ,"1,037.00","1,042.20","1,006.60","1,036.60","1,014.70","1,013.70","1,022.46","2,091.00",758,1332756,"1,36,26,94,645.80",39875
21-Jul-25,EQ,"1,031.20","1,042.10","1,024.10","1,030.20","1,038.00","1,036.60","1,035.09","2,091.00",758,877276,"90,80,56,935.60",24509
18-Jul-25,EQ,"1,042.70","1,051.00","1,024.40","1,050.10","1,030.00","1,030.20","1,036.46","2,091.00",758,1787665,"1,85,28,51,428.00",38735
17-Jul-25,EQ,"1,039.00","1,054.90","1,033.40","1,038.60","1,048.80","1,050.10","1,046.18","2,091.00",758,2304002,"2,41,03,97,662.60",45939
16-Jul-25,EQ,"1,033.10","1,049.50","1,033.10","1,033.10","1,036.70","1,038.60","1,040.52","2,091.00",758,2548383,"2,65,16,48,378.10",48685
15-Jul-25,EQ,"1,027.00","1,042.00","1,026.00","1,025.90","1,034.80","1,033.10","1,034.46","2,091.00",758,2064201,"2,13,53,30,781.00",48336
14-Jul-25,EQ,995.8,"1,036.00",994.2,995.2,"1,025.00","1,025.90","1,019.45","2,091.00",758,5134094,"5,23,39,42,178.40",90679
11-Jul-25,EQ,999.8,"1,010.90",985.2,995.8,994.5,995.2,998.14,"2,091.00",758,1850757,"1,84,73,11,771.10",44264
10-Jul-25,EQ,999.7,"1,007.90",992.3,995.2,997.6,995.8,999.44,"2,091.00",758,1057492,"1,05,69,02,384.00",28212
09-Jul-25,EQ,997.1,"1,011.00",993.2,992,995.8,995.2,"1,000.53","2,091.00",758,1480019,"1,48,08,00,232.20",38635
08-Jul-25,EQ,991.8,"1,005.00",981.3,991.1,993,992,992.62,"2,091.00",758,1069668,"1,06,17,73,759.30",31884
07-Jul-25,EQ,997,998.8,988.7,996.8,991.9,991.1,992.79,"2,091.00",758,863077,"85,68,56,636.90",27855
04-Jul-25,EQ,"1,012.00","1,012.00",990,"1,008.50",998.1,996.8,999.75,"2,091.00",758,1565915,"1,56,55,30,379.60",40880
03-Jul-25,EQ,"1,023.00","1,023.70","1,005.00","1,019.00","1,007.30","1,008.50","1,012.23","2,091.00",758,1234996,"1,25,00,94,226.60",33126
02-Jul-25,EQ,"1,020.00","1,031.40","1,012.10","1,015.70","1,019.00","1,019.00","1,020.48","2,091.00",758,1307248,"1,33,40,24,937.70",31509
01-Jul-25,EQ,"1,030.00","1,038.00","1,007.20","1,025.60","1,017.60","1,015.70","1,021.24","2,091.00",758,1836549,"1,87,55,52,252.70",43079
30-Jun-25,EQ,"1,020.00","1,034.50","1,015.10","1,015.60","1,025.90","1,025.60","1,024.92","2,091.00",758,2020543,"2,07,08,88,667.20",44542
27-Jun-25,EQ,994.4,"1,046.90",993,992,"1,020.00","1,015.60","1,025.68","2,091.00",758,6044564,"6,19,97,76,825.20",119138
26-Jun-25,EQ,984,993.5,976.1,981.1,991,992,985.54,"2,091.00",758,2254782,"2,22,21,86,234.90",50216
25-Jun-25,EQ,987,997,979.5,987.3,982.9,981.1,986.61,"2,091.00",758,2294587,"2,26,38,65,993.80",52309
24-Jun-25,EQ,975,"1,001.90",974,960.5,987.9,987.3,989.98,"2,091.00",758,3498494,"3,46,34,26,188.50",72938
23-Jun-25,EQ,939.8,964.9,935,947.7,962,960.5,954.64,"2,091.00",758,1728394,"1,64,99,95,931.80",38583
20-Jun-25,EQ,938,959.4,936,934,951,947.7,947.5,"2,091.00",758,3308667,"3,13,49,72,691.10",51471
19-Jun-25,EQ,970,973.4,929,968.9,933,934,945.17,"2,091.00",758,2415130,"2,28,27,20,269.50",64924
18-Jun-25,EQ,977.5,985.6,963.2,977.5,969.3,968.9,971.84,"2,091.00",758,1632269,"1,58,63,04,256.10",34931
17-Jun-25,EQ,992.8,997.5,975,992,977.5,977.5,985.79,"2,091.00",758,1281462,"1,26,32,50,537.40",39592
16-Jun-25,EQ,989.5,997,968.6,989.5,993.5,992,985.97,"2,091.00",758,1898670,"1,87,20,25,063.80",46673
13-Jun-25,EQ,996,"1,002.90",985.3,"1,015.80",994,989.5,993.24,"2,091.00",758,2435259,"2,41,87,87,001.70",59325
12-Jun-25,EQ,"1,050.00","1,050.00","1,012.00","1,046.80","1,014.00","1,015.80","1,029.48","2,091.00",758,2183895,"2,24,82,72,204.70",58782
11-Jun-25,EQ,"1,066.00","1,070.00","1,033.30","1,060.50","1,049.00","1,046.80","1,053.72","2,091.00",758,2515373,"2,65,05,08,693.60",61952
10-Jun-25,EQ,"1,039.70","1,077.00","1,034.70","1,034.30","1,059.90","1,060.50","1,057.66","2,091.00",758,5441911,"5,75,57,02,576.10",107060
09-Jun-25,EQ,"1,024.20","1,044.40","1,020.00","1,018.80","1,034.00","1,034.30","1,032.84","2,091.00",758,3700815,"3,82,23,63,982.00",69610
06-Jun-25,EQ,"1,008.00","1,024.20","1,004.80","1,003.60","1,017.50","1,018.80","1,016.31","2,174.10",758,2617425,"2,66,01,25,984.40",70730
05-Jun-25,EQ,"1,006.00","1,019.00","1,002.00","1,004.80","1,004.00","1,003.60","1,010.73","2,174.10",758,1454736,"1,47,03,50,100.60",39991
04-Jun-25,EQ,997.5,"1,009.00",983.7,992.6,"1,005.90","1,004.80",998.34,"2,174.10",758,1700483,"1,69,76,57,838.90",45292
03-Jun-25,EQ,"1,009.10","1,018.00",988,"1,009.10",992.5,992.6,"1,001.14","2,174.10",758,2438866,"2,44,16,40,109.10",63771
02-Jun-25,EQ,"1,018.50","1,024.70","1,007.00","1,014.35","1,009.50","1,009.10","1,015.58","2,174.10",758,2230527,"2,26,52,80,426.20",57649
30-May-25,EQ,"1,019.50","1,028.00","1,004.20","1,019.05","1,016.00","1,014.35","1,015.72","2,174.10",758,1669801,"1,69,60,55,030.90",36998
29-May-25,EQ,"1,009.20","1,027.00","1,000.55","1,001.85","1,019.50","1,019.05","1,014.75","2,174.10",758,2700851,"2,74,06,83,276.65",59817
28-May-25,EQ,"1,013.20","1,025.45",999.6,"1,013.00","1,001.70","1,001.85","1,011.70","2,174.10",758,2099725,"2,12,42,93,546.95",49317
27-May-25,EQ,"1,011.50","1,022.50","1,001.00","1,011.85","1,011.90","1,013.00","1,011.75","2,174.10",758,1740741,"1,76,11,89,946.70",44935
26-May-25,EQ,997,"1,021.40",993.3,986.95,"1,011.05","1,011.85","1,010.57","2,174.10",758,3403161,"3,43,91,20,908.30",71061
23-May-25,EQ,987,999.05,976,985.85,987.45,986.95,988.56,"2,174.10",758,2538927,"2,50,98,92,408.30",55488
22-May-25,EQ,996.1,"1,006.00",977,996.5,988.5,985.85,990.86,"2,174.10",758,2233560,"2,21,31,52,691.35",52538
21-May-25,EQ,985,"1,003.00",977.2,983.95,996.1,996.5,990.46,"2,174.10",758,2228757,"2,20,74,90,906.10",55111
20-May-25,EQ,"1,016.00","1,020.95",981.8,"1,014.00",985,983.95,"1,001.93","2,174.10",758,2713486,"2,71,87,15,578.10",67039
19-May-25,EQ,"1,031.95","1,038.35","1,010.05","1,020.10","1,014.00","1,014.00","1,023.06","2,174.10",758,3176879,"3,25,01,22,162.70",75567
16-May-25,EQ,971.45,"1,025.00",965.2,967.9,"1,024.50","1,020.10","1,003.46","2,174.10",758,7644511,"7,67,09,26,654.25",149249
15-May-25,EQ,972.1,972.8,953.4,967.25,968.5,967.9,962.45,"2,174.10",758,4951675,"4,76,57,59,180.90",56990
14-May-25,EQ,966,975,957.8,958.05,967,967.25,965.35,"2,174.10",758,3634440,"3,50,85,02,039.10",65515
13-May-25,EQ,940.55,973.7,933.2,940.55,960.4,958.05,956.87,"2,174.10",758,4260617,"4,07,68,36,037.30",89139
12-May-25,EQ,914.9,945,911.05,879.45,939.6,940.55,936.71,"2,174.10",758,6222615,"5,82,87,90,753.95",96881
09-May-25,EQ,859.4,887.85,854.35,880.5,883.9,879.45,868.12,"2,174.10",758,3051122,"2,64,87,40,946.85",82805
08-May-25,EQ,926.05,933.2,870.2,917.25,872.5,880.5,904.99,"2,174.10",758,4281975,"3,87,51,41,991.15",87862
07-May-25,EQ,901.2,929,901.1,923.25,918,917.25,918.37,"2,174.10",758,3179762,"2,92,02,03,596.10",75467
06-May-25,EQ,966,971.25,918,965.7,921.9,923.25,941.29,"2,174.10",758,4153763,"3,90,99,06,319.60",89330
05-May-25,EQ,912.7,"1,003.50",910.55,905.25,970,965.7,969.79,"2,174.10",758,13652180,"13,23,97,81,373.35",232454
02-May-25,EQ,902.05,931.95,900,900.7,905.05,905.25,915.1,"2,174.10",758,3422602,"3,13,20,27,547.75",77818
30-Apr-25,EQ,922.8,929,895,922.4,896,900.7,913.12,"2,174.10",758,3000004,"2,73,93,66,976.70",75483
29-Apr-25,EQ,960,961.9,918.9,941,921,922.4,937.68,"2,174.10",758,6040053,"5,66,36,39,599.85",114137
28-Apr-25,EQ,915.35,944.95,909.15,912.55,943.5,941,931.34,"2,174.10",758,3691409,"3,43,79,57,335.55",85308
25-Apr-25,EQ,974,975.85,903.7,968.95,914.95,912.55,923.33,"2,174.10",758,6824718,"6,30,14,89,927.20",152696
24-Apr-25,EQ,956.9,974,948.75,952.5,971.45,968.95,962.06,"2,174.10",758,3604578,"3,46,78,31,424.15",82911
23-Apr-25,EQ,950,956.9,926,943.3,950.95,952.5,943.17,"2,174.10",758,2614789,"2,46,61,78,325.35",63000
22-Apr-25,EQ,962,965.5,941.55,956.25,944.45,943.3,953.91,"2,174.10",758,2283380,"2,17,81,27,710.35",56445
21-Apr-25,EQ,954.7,966.6,944,947.15,955.7,956.25,957.28,"2,174.10",758,2149379,"2,05,75,57,846.15",56177
17-Apr-25,EQ,945.6,972,940,945.6,946,947.15,955.07,"2,174.10",758,2905274,"2,77,47,51,047.60",68173
16-Apr-25,EQ,936.95,955.95,931.5,936.65,945.4,945.6,945.32,"2,174.10",758,2203548,"2,08,30,57,190.35",57276
15-Apr-25,EQ,910,942,901.3,893.65,936,936.65,927.45,"2,174.10",758,2944940,"2,73,12,86,784.25",77667
11-Apr-25,EQ,890,903.4,878.7,860.75,894.5,893.65,891.73,"2,174.10",758,2380909,"2,12,31,22,428.65",59439
09-Apr-25,EQ,874,878.95,850.5,875.8,860.4,860.75,859.57,"2,174.10",758,2518172,"2,16,45,37,413.40",62778
08-Apr-25,EQ,899,908.1,873.3,873.3,877,875.8,885.4,"2,174.10",758,3363547,"2,97,80,86,200.80",72754
07-Apr-25,EQ,850,891.95,850,923.8,878,873.3,869.1,"2,174.10",758,3317613,"2,88,33,48,709.85",92398
04-Apr-25,EQ,949.95,956,917.65,955.3,925.5,923.8,933.14,"2,174.10",758,3226540,"3,01,08,22,781.95",83956
03-Apr-25,EQ,927,966.5,927,943.05,955.3,955.3,950.67,"2,174.10",758,3305378,"3,14,23,22,451.10",77033
02-Apr-25,EQ,926.9,945.1,910.7,919.15,941.8,943.05,931.05,"2,174.10",758,2965379,"2,76,09,14,764.15",84509
01-Apr-25,EQ,948,962,916.65,948.65,923,919.15,932.82,"2,174.10",758,3393666,"3,16,56,67,424.40",75539
28-Mar-25,EQ,967.85,976.45,942.05,959.9,948,948.65,959.8,"2,174.10",758,4083088,"3,91,89,31,528.25",90367
27-Mar-25,EQ,910,966.6,905.2,912.1,958,959.9,941.65,"2,174.10",758,5918219,"5,57,28,64,238.75",114942
26-Mar-25,EQ,921.95,942,910,923.4,912,912.1,923.95,"2,174.10",758,3194761,"2,95,18,12,953.85",68042
25-Mar-25,EQ,959,966,916,952.9,918,923.4,941.97,"2,174.10",758,3504686,"3,30,13,09,638.55",86827
24-Mar-25,EQ,972,981,949.05,954.25,952,952.9,961.24,"2,174.10",758,3632791,"3,49,19,71,910.15",82594
21-Mar-25,EQ,925,983.35,920.55,923.4,957,954.25,957.76,"2,174.10",758,8147557,"7,80,34,13,714.15",169547
20-Mar-25,EQ,920.3,927.95,902.05,911.2,921.6,923.4,915.92,"2,174.10",758,3210117,"2,94,02,00,173.90",68499
19-Mar-25,EQ,904.05,918.75,901.4,900.9,908.7,911.2,912.49,"2,174.10",758,2980425,"2,71,96,04,014.05",63758
18-Mar-25,EQ,904.7,911.9,889.1,896.45,901,900.9,901.65,"2,174.10",758,4222109,"3,80,68,67,447.15",92532
17-Mar-25,EQ,873.65,908.45,868.85,873.65,896,896.45,895.06,"2,174.10",758,5903492,"5,28,39,95,006.80",130474
